place,tickets,year
BILZEN,SOLD OUT,2023
BRUGGE,SOLD OUT,2023
ESSEN,SOLD OUT,2023
BRUGGE,SOLD OUT,2023
NAZARETH,SOLD OUT,2023
SCHERPENHEUVEL,SOLD OUT,2023
RUPELMONDE,-,2023
DIKSMUIDE,SOLD OUT,2023
TURNHOUT,SOLD OUT,2023
BRUSSEL AB,SOLD OUT,2023
BRUSSEL AB,SOLD OUT,2023
BRUSSEL AB,SOLD OUT,2023
WEERT,SOLD OUT,2023
GISTEL,SOLD OUT,2023
ST NIKLAAS,SOLD OUT,2023
AFFLIGEM ,-,2023
HERENTHOUT,SOLD OUT,2023
WAREGEM,CANCELLED,2022
WERCHTER,SOLD OUT,2021
LOKERSE FEESTEN,SOLD OUT,2021
ALCATRAZ,-,2021
FRIETROCK,SOLD OUT,2021
CORONA,CANCELLED,2000
DEINZE,SOLD OUT,2019
ZOTTEGEM,SOLD OUT,2019
STEENWIJK,-,2019
WILRIJK,SOLD OUT,2019
WATERINGEN,-,2019
OOSTKAMP,SOLD OUT,2019
LUIK ,SOLD OUT,2019
HEIST O/D BERG,SOLD OUT,2019
DENDERMONDE,SOLD OUT,2019
SCHERPENHEUVEL,SOLD OUT,2019
TIEGEM ,SOLD OUT,2019
HAMONT ACHEL,-,2019
HERENTALS,SOLD OUT,2019
ZWEVEZELE,SOLD OUT,2018
WATERINGEN,-,2018
SINT NIKLAAS,SOLD OUT,2018
IEPER,SOLD OUT,2018
BIEBOB,SOLD OUT,2018
BRUSSELS,SOLD OUT,2017
BRUSSELS,SOLD OUT,2017
HASSELT,SOLD OUT,2017
GENT,SOLD OUT,2017
ITTRE,-,2017
LEUVEN,SOLD OUT,2017
LIEGE,SOLD OUT,2017
ANTWERPEN,SOLD OUT,2017
KORTRIJK,SOLD OUT,2017
UTRECHT,,2017
ROCK WERCHTER CLASS,SOLD OUT,2017
ROCK HERK,SOLD OUT,2017
GAVERROCK ,SOLD OUT,2017
ROCK FOR SPECIALS,PRIVATE,2016
ROCK KORTRIJK,-,2016
ROCK ZOTTEGEM,SOLD OUT,2016
ROCK WERVIK,SOLD OUT,2016
TATTOO CONVENTION LUIK,PRIVATE,2016
HEIST OP DEN BERG,SOLD OUT,2015
GENT,SOLD OUT,2015
SINT LIEVENS HOUTEM,SOLD OUT,2015
GENK,SOLD OUT,2015
AALST,SOLD OUT,2015
HAMONT ACHEL,-,2015
BEVEREN,SOLD OUT,2015
HASSELT,SOLD OUT,2015
KORTRIJK,SOLD OUT,2015
TURNHOUT,SOLD OUT,2015
LIEGE,SOLD OUT,2015
CHARLEROI,-,2015
BRUGGE,SOLD OUT,2015
LEUVEN,SOLD OUT,2015
ROESELARE,SOLD OUT,2015
SINT NIKLAAS,SOLD OUT,2015
MECHELEN,SOLD OUT,2015
ANTWERPEN,-,2015
VILVOORDE,SOLD OUT,2015
TONGEREN,SOLD OUT,2015
DIEST,SOLD OUT,2015
ALSEMBERG,SOLD OUT,2015
ROCK HARD GERMANY,SOLD OUT,2015
CAFE CORSARI,TV,2015
LOKERSE FEESTEN,SOLD OUT,2015
ROCK ZOTTEGEM,SOLD OUT,2014
DOUR FESTIVAL,SOLD OUT,2014
MINI ROCK,-,2014
BIESENROCK,-,2014
LOKERSE FEESTEN,SOLD OUT,2014
ALCATRAZ,-,2014
BRUSSEL SUMMER FESTIVAL,-,2014
ZANDROCK,-,2014
CRAMMEROCK,SOLD OUT,2014
CAFE CORSARI,TV,2014
CLUB 69,PROMO,2014
AB BRUSSEL,SOLD OUT,2014
AB BRUSSEL,SOLD OUT,2014
KORTRIJK DE KREUN,SOLD OUT,2014
TMF DIEST,PRIVATE,2013
WEERDSE FEESTEN,SOLD OUT,2013
PUTROCK,SOLD OUT,2013
ARALUNAIRES,SOLD OUT,2013
TMF NINOVE,PRIVATE,2013
KASTIVAL,SOLD OUT,2013
LA FIESTA DU ROCK,-,2013
GRENSROCK,SOLD OUT,2013
XBEACH,SOLD OUT,2013
SUMMERFEST,SOLD OUT,2013
ALCATRAZ,-,2013
BOERENROCK,-,2013
SUIKERROCK,SOLD OUT,2012
WACKEN GERMANY,SOLD OUT,2012
HELLFEST FRANCE,SOLD OUT,2012
CRAMMEROCK,SOLD OUT,2012
MASTERS AT ROCK,SOLD OUT,2012
PUNTPOP,-,2012
CASERNE LIEGE,SOLD OUT,2011
DE KREUN KORTRIJK,SOLD OUT,2011
MUZIEKODROOM HASSELT,SOLD OUT,2011
CLASSIC 21 MONS,SOLD OUT,2011
DE VOORUIT GENT,SOLD OUT,2011
TRIX ANTWERPEN ,SOLD OUT,2011
COLISUIM CHARLEROI,-,2011
ROCKHAL LUXEMBURG,-,2011
LOUVAIN LA NEUVE,SOLD OUT,2011
LOUVAIN LA NEUVE,SOLD OUT,2011
HET DEPOT LEUVEN,SOLD OUT,2011
ENTREPOT BRUGGE,SOLD OUT,2011
EGGER SCHERPENHEUVEL,SOLD OUT,2011
013 TILBURG,-,2011
NIJDROP OPWIJK,-,2011
T GEBOUW BERGEN OP ZOOM,-,2011
 CASINO ST NIKLAAS,SOLD OUT,2011
GRASPOP,SOLD OUT,2011
BIEBOB,SOLD OUT,2011
FORTAROCK,-,2011
ROCK ZOTTEGEM,SOLD OUT,2011
DOUR FESTIVAL,SOLD OUT,2011
LOKERSE FEESTEN,SOLD OUT,2011
TUINFESTIVAL,-,2011
CRAMMEROCK,SOLD OUT,2011
MASTERS AT ROCK,SOLD OUT,2011
AB BRUSSEL,SOLD OUT,2011
AB BRUSSEL,SOLD OUT,2011
DEN ATELIER LUX,-,2011
PUKEMA,SOLD OUT,2010
ROCK TERNAT,SOLD OUT,2010
ROCK FOR SPECIALS,SOLD OUT,2010
GRASPOP,SOLD OUT,2010
WERCHTER,SOLD OUT,2010
AB BRUSSELS,SOLD OUT,2010
AB BRUSSELS,SOLD OUT,2010
AB BRUSSELS,SOLD OUT,2010
AB BRUSSELS,SOLD OUT,2010
AB BRUSSELS,SOLD OUT,2010
AB BRUSSELS,SOLD OUT,2010
AB BRUSSELS,SOLD OUT,2010
AB BRUSSELS,SOLD OUT,2010